Video_ID,Duration,Link
101,852,https://youtu.be/VnvRFRk_51k
102,1247,https://youtu.be/4Cr0OxXU7jY
103,951,https://youtu.be/rOTqprHv1YE
104,632,https://youtu.be/g2fT-g9PX9o
105,2299,https://youtu.be/z5nc9MDbvkw
106,1817,https://youtu.be/SiBw7os-_zI
107,1477,https://youtu.be/RWgW-CgdIk0
201,806,https://youtu.be/cpMECv_ypbc
202,889,https://youtu.be/WSbgixdC9g8
203,469,https://youtu.be/nW3WIWUppLQ
204,540,https://youtu.be/GVzvrEItpBE
205,782,https://youtu.be/PSON-Vs5poQ
206,906,https://youtu.be/IT7HnoRUaZc
207,735,https://youtu.be/oHQvWa6J8dU
401,999,https://youtu.be/vv4y_uOneC0
402,466,https://youtu.be/RsQ1tFLwldY
404,547,https://youtu.be/CWy3x3Wux6o
405,1180,https://youtu.be/2QGgEk20RXM
406,678,https://youtu.be/2h3eWaPx8SA
407,451,https://youtu.be/OrM7nZcxXZU